<?xml version="1.0" encoding="UTF-8" standalone="yes"?>
<addon id="plugin.video.droidkingwizard" name="DroidKing Wizard" version="1.0.1" provider-name="DroidKing.co.uk">
  <requires>
    <import addon="xbmc.python" version="2.1.0"/>
  </requires>
  <extension point="xbmc.python.pluginsource" library="default.py">
        <provides>video executable</provides>
  </extension>
  <extension point="xbmc.addon.metadata">
    <summary lang="en">DroidKing Wizard</summary>
    <description lang="en">Easy Install With DroidKing XBMC Wizard</description>
    <platform>all</platform>
  </extension>
</addon>
